{"AND_D_0": {"edges_before": [2, 2, 2, 2, 2, 2, 2, 2, 2, 2], "edges_after": [2, 2, 2, 2, 2, 2, 2, 2, 2, 2], "mean_errors": [0.4912969613144921, 0.5058153041851294, 0.5006161851136866, 0.5063424232532651, 0.49408904022354183, 0.4931454792694721, 0.49844890162861066, 0.5002190672529774, 0.500468746446178, 0.49393773863783375]}, "AND_D_1": {"edges_before": [6, 6, 6, 6, 6, 6, 6, 6, 6, 6], "edges_after": [5, 5, 5, 5, 5, 5, 5, 5, 5, 5], "mean_errors": [0.028871110865866904, 0.03524356626177972, 0.03280153294613246, 0.030201874531899528, 0.03420891724328034, 0.03233975111564087, 0.03295400387221237, 0.028740346345548604, 0.03178038923852787, 0.03445178255566023]}, "AND_D_2": {"edges_before": [12, 12, 12, 12, 12, 12, 12, 12, 12, 12], "edges_after": [11, 10, 11, 11, 11, 10, 11, 11, 11, 11], "mean_errors": [0.009073247094688137, 0.009610055438431587, 0.004724627198516086, 0.0016013238139705383, 0.007672543105395878, 0.0069593614357499126, 0.008893044078575128, 0.0073706525276163995, 0.006325899814464602, 0.008246202901741079]}, "AND_D_3": {"edges_before": [20, 20, 20, 20, 20, 20, 20, 20, 20, 20], "edges_after": [19, 18, 19, 18, 18, 18, 18, 18, 19, 19], "mean_errors": [0.007293380072488826, 0.018072332282692824, 0.004339992688896527, 0.007320320052155601, 0.0030135533499920176, 0.006511687495530002, 0.004827316931889373, 0.00547276393460961, 0.0066449175814898235, 0.008226830696445258]}, "AND_D_4": {"edges_before": [30, 30, 30, 30, 30, 30, 30, 30, 30, 30], "edges_after": [28, 28, 27, 28, 27, 27, 28, 27, 27, 27], "mean_errors": [0.001969596041920085, 0.001993688892392008, 0.010603016049102756, 0.0009022333691083189, 0.002645478386120536, 0.0038195391168733992, 0.0018983965183178675, 0.0025535051967563857, 0.004662419997000455, 0.004407556557904084]}, "AND_D_5": {"edges_before": [42, 42, 42, 42, 42, 42, 42, 42, 42, 42], "edges_after": [38, 38, 38, 38, 38, 39, 38, 38, 38, 38], "mean_errors": [0.003041155107783246, 0.0028644719356304546, 0.0032584460086691096, 0.006169045562937224, 0.001988648859864165, 0.0020653785784473335, 0.00828236650340588, 0.004427314764337119, 0.003359264299353883, 0.0039826164628191715]}, "AND_Dw_0": {"edges_before": [2, 2, 2, 2, 2, 2, 2, 2, 2, 2], "edges_after": [2, 2, 2, 2, 2, 2, 2, 2, 2, 2], "mean_errors": [0.5032364011789054, 0.49959035428737214, 0.5003106468290803, 0.5002286334125523, 0.49085753354776307, 0.5024592329721915, 0.5002245967989046, 0.49925685431575506, 0.4822519961929441, 0.49862657916836184]}, "AND_Dw_1": {"edges_before": [6, 6, 6, 6, 6, 6, 6, 6, 6, 6], "edges_after": [5, 5, 5, 5, 5, 5, 5, 5, 5, 5], "mean_errors": [0.029546285234169283, 0.035699145140624514, 0.034871313029586654, 0.03260059230388079, 0.03302738762057162, 0.03136782168470414, 0.03092758845387959, 0.032161133505640996, 0.03209007727659517, 0.02915659575456828]}, "AND_Dw_2": {"edges_before": [12, 12, 12, 12, 12, 12, 12, 12, 12, 12], "edges_after": [10, 10, 10, 10, 10, 10, 10, 10, 11, 10], "mean_errors": [0.001795045005122346, 0.008917109552310525, 0.002470178512951267, 0.002089114375506306, 0.008803165640234815, 0.006857725923395804, 0.007155850407392569, 0.00806314324361943, 0.001570006562688448, 0.0017421394091640158]}, "AND_Dw_3": {"edges_before": [20, 20, 20, 20, 20, 20, 20, 20, 20, 20], "edges_after": [18, 17, 17, 18, 17, 17, 17, 17, 17, 17], "mean_errors": [0.0029737127141871962, 0.0014750970465544167, 0.0021841944956993565, 0.004152894949189364, 0.004097766202214692, 0.001701682834298264, 0.0016228970030711376, 0.0026221915250198794, 0.016661755067958556, 0.002030404658054221]}, "AND_Dw_4": {"edges_before": [30, 30, 30, 30, 30, 30, 30, 30, 30, 30], "edges_after": [27, 26, 26, 26, 26, 26, 26, 27, 27, 26], "mean_errors": [0.005550307254586469, 0.01866936666611297, 0.002534582026386929, 0.0018243489538157388, 0.00217236693685844, 0.0016956724177119597, 0.002476309164627413, 0.0035578427738916095, 0.008874164129190489, 0.0035969761033583045]}, "AND_Dw_5": {"edges_before": [42, 42, 42, 42, 42, 42, 42, 42, 42, 42], "edges_after": [37, 37, 37, 37, 37, 37, 37, 37, 37, 38], "mean_errors": [0.0021053281961266653, 0.001993141181803368, 0.001915435171709905, 0.007095703436930323, 0.0027935860679424423, 0.0038409564106644373, 0.008759806008206332, 0.0018724882456137644, 0.003913407678272269, 0.0025879542913255504]}, "AND_None_0": {"edges_before": [2, 2, 2, 2, 2, 2, 2, 2, 2, 2], "edges_after": [2, 2, 2, 2, 2, 2, 2, 2, 2, 2], "mean_errors": [0.4999590255802968, 0.4999828573630243, 0.5008745771100773, 0.49997636209843144, 0.49982506181013964, 0.5134833979066907, 0.506126345594088, 0.5107656739177728, 0.5011962578130543, 0.49994945201540564]}, "AND_None_1": {"edges_before": [6, 6, 6, 6, 6, 6, 6, 6, 6, 6], "edges_after": [6, 6, 6, 6, 6, 6, 6, 6, 6, 6], "mean_errors": [0.039840923197616195, 0.03427186176303882, 0.033616293282686505, 0.028883944374615153, 0.39800028815116173, 0.02863405137014168, 0.03522303566601521, 0.02892033892403042, 0.035769907138762144, 0.03663457120623044]}, "AND_None_2": {"edges_before": [12, 12, 12, 12, 12, 12, 12, 12, 12, 12], "edges_after": [12, 12, 12, 12, 12, 12, 12, 12, 12, 12], "mean_errors": [0.005952099662751482, 0.0054886980247238985, 0.07066063975206721, 0.006039498630169738, 0.005093147739055882, 0.004918327812612051, 0.006953837785497373, 0.006101228996268082, 0.0033300375611930583, 0.005883694504987396]}, "AND_None_3": {"edges_before": [20, 20, 20, 20, 20, 20, 20, 20, 20, 20], "edges_after": [20, 20, 20, 20, 20, 20, 20, 20, 20, 20], "mean_errors": [0.001977030612965759, 0.008324164165237426, 0.003010477913034735, 0.011781502805525118, 0.005835122868141931, 0.005995247426054142, 0.00192357045214712, 0.008451374404386595, 0.006443687293513864, 0.0032093969380189336]}, "AND_None_4": {"edges_before": [30, 30, 30, 30, 30, 30, 30, 30, 30, 30], "edges_after": [30, 30, 30, 30, 30, 30, 30, 30, 30, 30], "mean_errors": [0.005413154180054294, 0.0021905480496286264, 0.005655975335461433, 0.0018209942020620778, 0.0020217116813840232, 0.0045280940976813, 0.003035809986963043, 0.0028287119767241645, 0.01022801916502254, 0.00397887383416605]}, "AND_None_5": {"edges_before": [42, 42, 42, 42, 42, 42, 42, 42, 42, 42], "edges_after": [42, 42, 42, 42, 42, 42, 42, 42, 42, 42], "mean_errors": [0.003049604083918177, 0.08820045865912196, 0.009715868797474719, 0.0015332023271217108, 0.0025001021282149345, 0.0019402865107056998, 0.0027601605919535407, 0.0019227088932126566, 0.003169173889393428, 0.0032367951157379437]}, "OR_D_0": {"edges_before": [2, 2, 2, 2, 2, 2, 2, 2, 2, 2], "edges_after": [2, 2, 2, 2, 2, 2, 2, 2, 2, 2], "mean_errors": [0.12565299351033166, 0.12566328352942333, 0.1256725597641566, 0.12566489677528128, 0.1256678393677578, 0.12565100995519968, 0.12563865013557765, 0.12568267494394947, 0.12566930725219944, 0.12564769751779983]}, "OR_D_1": {"edges_before": [6, 6, 6, 6, 6, 6, 6, 6, 6, 6], "edges_after": [5, 5, 5, 5, 5, 5, 5, 5, 5, 5], "mean_errors": [0.002070485989411289, 0.002061186965189291, 0.002072668833801586, 0.0020563002402914448, 0.0020502712515909657, 0.002048108019622458, 0.00207615542150072, 0.0020900572122445555, 0.0020846022383689943, 0.002056304014011579]}, "OR_D_2": {"edges_before": [12, 12, 12, 12, 12, 12, 12, 12, 12, 12], "edges_after": [12, 12, 12, 12, 12, 12, 12, 12, 12, 12], "mean_errors": [0.0005571698335315774, 0.0006824756387051467, 0.0005781523565703952, 0.0007130044899376896, 0.0005597032264645103, 0.0005440363879140582, 0.000599636609927917, 0.0007490281351075098, 0.0005955877699283174, 0.0006469474553834751]}, "OR_D_3": {"edges_before": [20, 20, 20, 20, 20, 20, 20, 20, 20, 20], "edges_after": [19, 19, 19, 19, 19, 19, 19, 19, 19, 19], "mean_errors": [0.00048687147485191776, 0.0005159748610352459, 0.00047872907231092396, 0.0005506422477161625, 0.0005313122677493873, 0.0005598929668676898, 0.0005479308844129644, 0.0005541803018973227, 0.00046095511890065346, 0.0006304459894827476]}, "OR_D_4": {"edges_before": [30, 30, 30, 30, 30, 30, 30, 30, 30, 30], "edges_after": [28, 28, 28, 28, 28, 28, 28, 28, 28, 28],